iter	AUC	AUC	AUC	AUC	AUC	Logloss	Logloss	Logloss	Logloss	Logloss
0	0.5131578947	0.5118845501	0.6222410866	0.4983022071	0.5161290323	0.6922267991	0.6925323974	0.6920302394	0.6924169598	0.6922573023
1	0.5575657895	0.5441426146	0.6256366723	0.4711375212	0.5161290323	0.6912555132	0.6917000175	0.6912757931	0.6915934921	0.6916155429
2	0.5814144737	0.4100169779	0.656196944	0.5730050934	0.5896057348	0.6902648986	0.6914952924	0.6897682625	0.6899134494	0.6904604114
3	0.5814144737	0.4719864177	0.6409168081	0.6434634975	0.6173835125	0.6891062967	0.6908236394	0.6890051113	0.6884095091	0.6892569398
4	0.6513157895	0.5161290323	0.6341256367	0.6570458404	0.667562724	0.6877958326	0.6897202412	0.6881968206	0.687495103	0.6879484605
