iter	Logloss
0	0.691237565211	0.690422830922	0.688396922233	0.6869355004	4	0.685495281

